-- phpMyAdmin SQL Dump
-- version 4.0.10deb1
-- http://www.phpmyadmin.net
--
-- Host: localhost
-- Generation Time: Apr 04, 2017 at 01:18 PM
-- Server version: 5.5.54-0ubuntu0.14.04.1
-- PHP Version: 5.5.9-1ubuntu4.21

SET SQL_MODE = "NO_AUTO_VALUE_ON_ZERO";
SET time_zone = "+00:00";


/*!40101 SET @OLD_CHARACTER_SET_CLIENT=@@CHARACTER_SET_CLIENT */;
/*!40101 SET @OLD_CHARACTER_SET_RESULTS=@@CHARACTER_SET_RESULTS */;
/*!40101 SET @OLD_COLLATION_CONNECTION=@@COLLATION_CONNECTION */;
/*!40101 SET NAMES utf8 */;

--
-- Database: `vizifiy`
--

-- --------------------------------------------------------

--
-- Table structure for table `attachments`
--

CREATE TABLE IF NOT EXISTS `attachments` (
  `id` int(11) NOT NULL AUTO_INCREMENT,
  `user_id` int(11) NOT NULL,
  `model_id` int(11) NOT NULL,
  `model_name` varchar(255) COLLATE utf8_unicode_ci NOT NULL,
  `sort_order` int(11) NOT NULL,
  `file_name` varchar(255) COLLATE utf8_unicode_ci NOT NULL,
  `file_encrypt_name` varchar(255) COLLATE utf8_unicode_ci NOT NULL,
  `created_at` int(11) NOT NULL,
  `updated_at` int(11) NOT NULL,
  PRIMARY KEY (`id`)
) ENGINE=InnoDB  DEFAULT CHARSET=utf8 COLLATE=utf8_unicode_ci AUTO_INCREMENT=32 ;

--
-- Dumping data for table `attachments`
--

INSERT INTO `attachments` (`id`, `user_id`, `model_id`, `model_name`, `sort_order`, `file_name`, `file_encrypt_name`, `created_at`, `updated_at`) VALUES
(5, 1, 0, 'preloader.gif', 0, 'preloader.gif', '1472447178242preloader.gif', 1472447178, 1472447178),
(6, 1, 0, 'no-image.jpg', 0, 'no-image.jpg', '1472447178753no-image.jpg', 1472447178, 1472447178),
(15, 1, 0, 'bg-search.jpg', 0, 'bg-search.jpg', '1472540719bg-search.jpg', 1472540719, 1472540719),
(16, 31, 0, 'bg-achievement--mob.jpg', 0, 'bg-achievement--mob.jpg', '1472541040bg-achievement--mob.jpg', 1472541040, 1472541040),
(17, 1, 0, 'sprite-skin-flat.png', 0, 'sprite-skin-flat.png', '1472548200sprite-skin-flat.png', 1472548200, 1472548200),
(18, 1, 0, 'sprite-skin-flat.png', 0, 'sprite-skin-flat.png', '1472548372sprite-skin-flat.png', 1472548372, 1472548372),
(19, 1, 0, 'sprite-skin-flat.png', 0, 'sprite-skin-flat.png', '1472549546sprite-skin-flat.png', 1472549546, 1472549546),
(20, 1, 0, 'sprite-skin-flat.png', 0, 'sprite-skin-flat.png', '1472549797sprite-skin-flat.png', 1472549797, 1472549797),
(21, 1, 0, 'sprite-skin-flat.png', 0, 'sprite-skin-flat.png', '1472549943sprite-skin-flat.png', 1472549943, 1472549943),
(22, 1, 0, 'bg-achievement.jpg', 0, 'bg-achievement.jpg', '1472549979bg-achievement.jpg', 1472549979, 1472549979),
(23, 1, 0, '87357.jpg', 0, '87357.jpg', '147255225087357.jpg', 1472552250, 1472552250),
(24, 1, 0, '87357.jpg', 0, '87357.jpg', '147255261087357.jpg', 1472552610, 1472552610),
(25, 1, 0, '87357.jpg', 0, '87357.jpg', '147255267887357.jpg', 1472552678, 1472552678),
(26, 1, 0, '87357.jpg', 0, '87357.jpg', '147255388587357.jpg', 1472553885, 1472553885),
(27, 1, 0, '87357.jpg', 0, '87357.jpg', '147255672880387357.jpg', 1472556728, 1472556728),
(28, 1, 0, '87357.jpg', 0, '87357.jpg', '147255679342687357.jpg', 1472556793, 1472556793),
(29, 1, 0, '87357.jpg', 0, '87357.jpg', '147255750380787357.jpg', 1472557503, 1472557503),
(30, 1, 0, '87357.jpg', 0, '87357.jpg', '147255753076787357.jpg', 1472557530, 1472557530),
(31, 1, 0, '87357.jpg', 0, '87357.jpg', '147255757486987357.jpg', 1472557574, 1472557574);

-- --------------------------------------------------------

--
-- Table structure for table `attachment_colors`
--

CREATE TABLE IF NOT EXISTS `attachment_colors` (
  `id` int(11) NOT NULL AUTO_INCREMENT,
  `attachment_id` int(11) NOT NULL DEFAULT '0',
  `color_code` varchar(255) COLLATE utf8_unicode_ci NOT NULL DEFAULT '0',
  `created_at` int(11) NOT NULL,
  `updated_at` int(11) NOT NULL,
  PRIMARY KEY (`id`)
) ENGINE=InnoDB  DEFAULT CHARSET=utf8 COLLATE=utf8_unicode_ci AUTO_INCREMENT=391 ;

--
-- Dumping data for table `attachment_colors`
--

INSERT INTO `attachment_colors` (`id`, `attachment_id`, `color_code`, `created_at`, `updated_at`) VALUES
(1, 4, '#000000', 1472447162, 1472447162),
(2, 4, '#d8d8f0', 1472447162, 1472447162),
(3, 4, '#f06060', 1472447162, 1472447162),
(4, 4, '#301818', 1472447162, 1472447162),
(5, 4, '#a83048', 1472447162, 1472447162),
(6, 4, '#783030', 1472447162, 1472447162),
(7, 4, '#601830', 1472447162, 1472447162),
(8, 4, '#180000', 1472447162, 1472447162),
(9, 4, '#d84848', 1472447162, 1472447162),
(10, 4, '#d84860', 1472447162, 1472447162),
(11, 4, '#481818', 1472447162, 1472447162),
(12, 4, '#f04860', 1472447162, 1472447162),
(13, 4, '#903048', 1472447163, 1472447163),
(14, 4, '#a8a8a8', 1472447163, 1472447163),
(15, 4, '#909090', 1472447163, 1472447163),
(16, 4, '#303030', 1472447163, 1472447163),
(17, 4, '#c0c0c0', 1472447163, 1472447163),
(20, 5, '#606066', 1472447178, 1472537090),
(21, 5, '#787878', 1472447178, 1472447178),
(23, 5, '#a8a8a8', 1472447178, 1472447178),
(24, 5, '#d8d8d8', 1472447178, 1472447178),
(25, 5, '#c0c0c0', 1472447178, 1472447178),
(26, 5, '#303030', 1472447178, 1472447178),
(27, 6, '#c0c0c0', 1472447178, 1472447178),
(28, 6, '#304848', 1472447178, 1472447178),
(29, 6, '#f0f0f0', 1472447179, 1472447179),
(30, 6, '#d8d8d8', 1472447179, 1472447179),
(31, 6, '#606078', 1472447179, 1472447179),
(32, 6, '#789090', 1472447179, 1472447179),
(33, 6, '#a8a8a8', 1472447179, 1472447179),
(34, 6, '#c0c0d8', 1472447179, 1472447179),
(35, 6, '#607878', 1472447179, 1472447179),
(36, 6, '#304860', 1472447179, 1472447179),
(37, 6, '#484860', 1472447179, 1472447179),
(38, 6, '#486060', 1472447179, 1472447179),
(39, 6, '#787890', 1472447179, 1472447179),
(40, 6, '#909090', 1472447179, 1472447179),
(41, 6, '#303048', 1472447179, 1472447179),
(42, 6, '#a8a8c0', 1472447179, 1472447179),
(43, 6, '#d8c0c0', 1472447179, 1472447179),
(44, 6, '#90a8a8', 1472447179, 1472447179),
(45, 6, '#a8c0c0', 1472447179, 1472447179),
(46, 6, '#9090a8', 1472447179, 1472447179),
(47, 7, '#000000', 1472454578, 1472454578),
(48, 7, '#d8d8f0', 1472454578, 1472454578),
(49, 7, '#f06060', 1472454578, 1472454578),
(50, 7, '#301818', 1472454578, 1472454578),
(51, 7, '#a83048', 1472454578, 1472454578),
(52, 7, '#783030', 1472454578, 1472454578),
(53, 7, '#601830', 1472454578, 1472454578),
(54, 7, '#180000', 1472454578, 1472454578),
(55, 7, '#d84848', 1472454578, 1472454578),
(56, 7, '#d84860', 1472454578, 1472454578),
(57, 7, '#481818', 1472454578, 1472454578),
(58, 7, '#f04860', 1472454578, 1472454578),
(59, 7, '#903048', 1472454578, 1472454578),
(60, 7, '#a8a8a8', 1472454578, 1472454578),
(61, 7, '#909090', 1472454578, 1472454578),
(62, 7, '#303030', 1472454578, 1472454578),
(63, 7, '#c0c0c0', 1472454578, 1472454578),
(64, 0, '#000000', 1472537432, 1472537432),
(67, 13, '#000000', 1472540437, 1472540437),
(68, 13, '#f0f0f0', 1472540437, 1472540437),
(69, 13, '#303048', 1472540437, 1472540437),
(70, 13, '#181830', 1472540437, 1472540437),
(71, 13, '#c0c0d8', 1472540437, 1472540437),
(72, 13, '#484860', 1472540437, 1472540437),
(73, 13, '#9090a8', 1472540437, 1472540437),
(74, 13, '#789090', 1472540437, 1472540437),
(75, 13, '#607878', 1472540437, 1472540437),
(76, 13, '#fffff0', 1472540437, 1472540437),
(77, 13, '#ffffff', 1472540437, 1472540437),
(78, 13, '#fff0f0', 1472540437, 1472540437),
(79, 13, '#304860', 1472540437, 1472540437),
(80, 13, '#c0c0c0', 1472540437, 1472540437),
(81, 13, '#181818', 1472540437, 1472540437),
(82, 13, '#183048', 1472540437, 1472540437),
(83, 13, '#001818', 1472540437, 1472540437),
(84, 13, '#000018', 1472540437, 1472540437),
(85, 13, '#787890', 1472540437, 1472540437),
(86, 13, '#304848', 1472540438, 1472540438),
(87, 14, '#181830', 1472540490, 1472540490),
(88, 14, '#303030', 1472540490, 1472540490),
(89, 14, '#484848', 1472540490, 1472540490),
(90, 14, '#483030', 1472540490, 1472540490),
(91, 14, '#301830', 1472540490, 1472540490),
(92, 14, '#303048', 1472540490, 1472540490),
(93, 14, '#483048', 1472540490, 1472540490),
(94, 14, '#181818', 1472540490, 1472540490),
(95, 14, '#484830', 1472540490, 1472540490),
(96, 14, '#481830', 1472540490, 1472540490),
(97, 14, '#604848', 1472540491, 1472540491),
(98, 14, '#301818', 1472540491, 1472540491),
(99, 14, '#183030', 1472540491, 1472540491),
(100, 15, '#304860', 1472540719, 1472540719),
(101, 15, '#c0d8d8', 1472540719, 1472540719),
(102, 15, '#909090', 1472540719, 1472540719),
(103, 15, '#907878', 1472540720, 1472540720),
(104, 15, '#307890', 1472540720, 1472540720),
(105, 15, '#606060', 1472540720, 1472540720),
(106, 15, '#90c0c0', 1472540720, 1472540720),
(107, 15, '#a8a8a8', 1472540720, 1472540720),
(108, 15, '#c0c0a8', 1472540720, 1472540720),
(109, 15, '#4890a8', 1472540720, 1472540720),
(110, 15, '#006078', 1472540720, 1472540720),
(111, 15, '#78a8c0', 1472540720, 1472540720),
(112, 15, '#d8d8c0', 1472540720, 1472540720),
(113, 15, '#a89078', 1472540720, 1472540720),
(114, 15, '#787878', 1472540720, 1472540720),
(115, 15, '#786060', 1472540720, 1472540720),
(116, 15, '#484860', 1472540720, 1472540720),
(117, 15, '#486060', 1472540720, 1472540720),
(118, 15, '#a89090', 1472540720, 1472540720),
(119, 15, '#606078', 1472540720, 1472540720),
(120, 16, '#304860', 1472541040, 1472541040),
(121, 16, '#304848', 1472541040, 1472541040),
(122, 16, '#303048', 1472541040, 1472541040),
(123, 17, '#000000', 1472548201, 1472548201),
(124, 17, '#d8d8f0', 1472548201, 1472548201),
(125, 17, '#f06060', 1472548201, 1472548201),
(126, 17, '#301818', 1472548201, 1472548201),
(127, 17, '#a83048', 1472548201, 1472548201),
(128, 17, '#783030', 1472548201, 1472548201),
(129, 17, '#601830', 1472548201, 1472548201),
(130, 17, '#180000', 1472548201, 1472548201),
(131, 17, '#d84848', 1472548201, 1472548201),
(132, 17, '#d84860', 1472548201, 1472548201),
(133, 17, '#481818', 1472548201, 1472548201),
(134, 17, '#f04860', 1472548201, 1472548201),
(135, 17, '#903048', 1472548201, 1472548201),
(136, 17, '#a8a8a8', 1472548201, 1472548201),
(137, 17, '#909090', 1472548201, 1472548201),
(138, 17, '#303030', 1472548201, 1472548201),
(139, 17, '#c0c0c0', 1472548201, 1472548201),
(140, 18, '#000000', 1472548372, 1472548372),
(141, 18, '#d8d8f0', 1472548372, 1472548372),
(142, 18, '#f06060', 1472548372, 1472548372),
(143, 18, '#301818', 1472548373, 1472548373),
(144, 18, '#a83048', 1472548373, 1472548373),
(145, 18, '#783030', 1472548373, 1472548373),
(146, 18, '#601830', 1472548373, 1472548373),
(147, 18, '#180000', 1472548373, 1472548373),
(148, 18, '#d84848', 1472548373, 1472548373),
(149, 18, '#d84860', 1472548373, 1472548373),
(150, 18, '#481818', 1472548373, 1472548373),
(151, 18, '#f04860', 1472548373, 1472548373),
(152, 18, '#903048', 1472548373, 1472548373),
(153, 18, '#a8a8a8', 1472548373, 1472548373),
(154, 18, '#909090', 1472548373, 1472548373),
(155, 18, '#303030', 1472548373, 1472548373),
(156, 18, '#c0c0c0', 1472548373, 1472548373),
(157, 19, '#000000', 1472549546, 1472549546),
(158, 19, '#d8d8f0', 1472549546, 1472549546),
(159, 19, '#f06060', 1472549546, 1472549546),
(160, 19, '#301818', 1472549546, 1472549546),
(161, 19, '#a83048', 1472549546, 1472549546),
(162, 19, '#783030', 1472549546, 1472549546),
(163, 19, '#601830', 1472549546, 1472549546),
(164, 19, '#180000', 1472549546, 1472549546),
(165, 19, '#d84848', 1472549546, 1472549546),
(166, 19, '#d84860', 1472549546, 1472549546),
(167, 19, '#481818', 1472549546, 1472549546),
(168, 19, '#f04860', 1472549546, 1472549546),
(169, 19, '#903048', 1472549546, 1472549546),
(170, 19, '#a8a8a8', 1472549547, 1472549547),
(171, 19, '#909090', 1472549547, 1472549547),
(172, 19, '#303030', 1472549547, 1472549547),
(173, 19, '#c0c0c0', 1472549547, 1472549547),
(174, 20, '#000000', 1472549797, 1472549797),
(175, 20, '#d8d8f0', 1472549797, 1472549797),
(176, 20, '#f06060', 1472549797, 1472549797),
(177, 20, '#301818', 1472549797, 1472549797),
(178, 20, '#a83048', 1472549797, 1472549797),
(179, 20, '#783030', 1472549798, 1472549798),
(180, 20, '#601830', 1472549798, 1472549798),
(181, 20, '#180000', 1472549798, 1472549798),
(182, 20, '#d84848', 1472549798, 1472549798),
(183, 20, '#d84860', 1472549798, 1472549798),
(184, 20, '#481818', 1472549798, 1472549798),
(185, 20, '#f04860', 1472549798, 1472549798),
(186, 20, '#903048', 1472549798, 1472549798),
(187, 20, '#a8a8a8', 1472549798, 1472549798),
(188, 20, '#909090', 1472549798, 1472549798),
(189, 20, '#303030', 1472549798, 1472549798),
(190, 20, '#c0c0c0', 1472549798, 1472549798),
(191, 21, '#000000', 1472549943, 1472549943),
(192, 21, '#d8d8f0', 1472549943, 1472549943),
(193, 21, '#f06060', 1472549943, 1472549943),
(194, 21, '#301818', 1472549943, 1472549943),
(195, 21, '#a83048', 1472549943, 1472549943),
(196, 21, '#783030', 1472549943, 1472549943),
(197, 21, '#601830', 1472549943, 1472549943),
(198, 21, '#180000', 1472549943, 1472549943),
(199, 21, '#d84848', 1472549943, 1472549943),
(200, 21, '#d84860', 1472549943, 1472549943),
(201, 21, '#481818', 1472549943, 1472549943),
(202, 21, '#f04860', 1472549943, 1472549943),
(203, 21, '#903048', 1472549943, 1472549943),
(204, 21, '#a8a8a8', 1472549943, 1472549943),
(205, 21, '#909090', 1472549943, 1472549943),
(206, 21, '#303030', 1472549943, 1472549943),
(207, 21, '#c0c0c0', 1472549943, 1472549943),
(208, 22, '#304848', 1472549980, 1472549980),
(209, 22, '#303048', 1472549980, 1472549980),
(210, 22, '#304860', 1472549980, 1472549980),
(211, 23, '#609030', 1472552250, 1472552250),
(212, 23, '#789048', 1472552250, 1472552250),
(213, 23, '#90a860', 1472552250, 1472552250),
(214, 23, '#a8a878', 1472552250, 1472552250),
(215, 23, '#307818', 1472552250, 1472552250),
(216, 23, '#484818', 1472552250, 1472552250),
(217, 23, '#c0c0a8', 1472552250, 1472552250),
(218, 23, '#d8d8c0', 1472552250, 1472552250),
(219, 23, '#f0f0d8', 1472552250, 1472552250),
(220, 23, '#181800', 1472552250, 1472552250),
(221, 23, '#181818', 1472552251, 1472552251),
(222, 23, '#fff0f0', 1472552251, 1472552251),
(223, 23, '#484860', 1472552251, 1472552251),
(224, 23, '#fffff0', 1472552251, 1472552251),
(225, 23, '#f0fff0', 1472552251, 1472552251),
(226, 23, '#487830', 1472552251, 1472552251),
(227, 23, '#a8a860', 1472552251, 1472552251),
(228, 23, '#a8a890', 1472552251, 1472552251),
(229, 23, '#789060', 1472552251, 1472552251),
(230, 23, '#78a848', 1472552251, 1472552251),
(231, 24, '#609030', 1472552611, 1472552611),
(232, 24, '#789048', 1472552611, 1472552611),
(233, 24, '#90a860', 1472552611, 1472552611),
(234, 24, '#a8a878', 1472552611, 1472552611),
(235, 24, '#307818', 1472552611, 1472552611),
(236, 24, '#484818', 1472552611, 1472552611),
(237, 24, '#c0c0a8', 1472552611, 1472552611),
(238, 24, '#d8d8c0', 1472552611, 1472552611),
(239, 24, '#f0f0d8', 1472552611, 1472552611),
(240, 24, '#181800', 1472552611, 1472552611),
(241, 24, '#181818', 1472552611, 1472552611),
(242, 24, '#fff0f0', 1472552611, 1472552611),
(243, 24, '#484860', 1472552611, 1472552611),
(244, 24, '#fffff0', 1472552611, 1472552611),
(245, 24, '#f0fff0', 1472552611, 1472552611),
(246, 24, '#487830', 1472552611, 1472552611),
(247, 24, '#a8a860', 1472552611, 1472552611),
(248, 24, '#a8a890', 1472552611, 1472552611),
(249, 24, '#789060', 1472552611, 1472552611),
(250, 24, '#78a848', 1472552611, 1472552611),
(251, 25, '#609030', 1472552678, 1472552678),
(252, 25, '#789048', 1472552678, 1472552678),
(253, 25, '#90a860', 1472552678, 1472552678),
(254, 25, '#a8a878', 1472552678, 1472552678),
(255, 25, '#307818', 1472552678, 1472552678),
(256, 25, '#484818', 1472552678, 1472552678),
(257, 25, '#c0c0a8', 1472552678, 1472552678),
(258, 25, '#d8d8c0', 1472552678, 1472552678),
(259, 25, '#f0f0d8', 1472552678, 1472552678),
(260, 25, '#181800', 1472552678, 1472552678),
(261, 25, '#181818', 1472552678, 1472552678),
(262, 25, '#fff0f0', 1472552678, 1472552678),
(263, 25, '#484860', 1472552678, 1472552678),
(264, 25, '#fffff0', 1472552678, 1472552678),
(265, 25, '#f0fff0', 1472552678, 1472552678),
(266, 25, '#487830', 1472552678, 1472552678),
(267, 25, '#a8a860', 1472552678, 1472552678),
(268, 25, '#a8a890', 1472552679, 1472552679),
(269, 25, '#789060', 1472552679, 1472552679),
(270, 25, '#78a848', 1472552679, 1472552679),
(271, 26, '#609030', 1472553886, 1472553886),
(272, 26, '#789048', 1472553886, 1472553886),
(273, 26, '#90a860', 1472553886, 1472553886),
(274, 26, '#a8a878', 1472553886, 1472553886),
(275, 26, '#307818', 1472553886, 1472553886),
(276, 26, '#484818', 1472553886, 1472553886),
(277, 26, '#c0c0a8', 1472553886, 1472553886),
(278, 26, '#d8d8c0', 1472553886, 1472553886),
(279, 26, '#f0f0d8', 1472553886, 1472553886),
(280, 26, '#181800', 1472553886, 1472553886),
(281, 26, '#181818', 1472553886, 1472553886),
(282, 26, '#fff0f0', 1472553886, 1472553886),
(283, 26, '#484860', 1472553886, 1472553886),
(284, 26, '#fffff0', 1472553886, 1472553886),
(285, 26, '#f0fff0', 1472553886, 1472553886),
(286, 26, '#487830', 1472553886, 1472553886),
(287, 26, '#a8a860', 1472553886, 1472553886),
(288, 26, '#a8a890', 1472553886, 1472553886),
(289, 26, '#789060', 1472553886, 1472553886),
(290, 26, '#78a848', 1472553886, 1472553886),
(291, 27, '#609030', 1472556729, 1472556729),
(292, 27, '#789048', 1472556729, 1472556729),
(293, 27, '#90a860', 1472556729, 1472556729),
(294, 27, '#a8a878', 1472556729, 1472556729),
(295, 27, '#307818', 1472556729, 1472556729),
(296, 27, '#484818', 1472556729, 1472556729),
(297, 27, '#c0c0a8', 1472556729, 1472556729),
(298, 27, '#d8d8c0', 1472556729, 1472556729),
(299, 27, '#f0f0d8', 1472556729, 1472556729),
(300, 27, '#181800', 1472556729, 1472556729),
(301, 27, '#181818', 1472556729, 1472556729),
(302, 27, '#fff0f0', 1472556729, 1472556729),
(303, 27, '#484860', 1472556729, 1472556729),
(304, 27, '#fffff0', 1472556729, 1472556729),
(305, 27, '#f0fff0', 1472556729, 1472556729),
(306, 27, '#487830', 1472556729, 1472556729),
(307, 27, '#a8a860', 1472556729, 1472556729),
(308, 27, '#a8a890', 1472556729, 1472556729),
(309, 27, '#789060', 1472556729, 1472556729),
(310, 27, '#78a848', 1472556729, 1472556729),
(311, 28, '#609030', 1472556793, 1472556793),
(312, 28, '#789048', 1472556793, 1472556793),
(313, 28, '#90a860', 1472556793, 1472556793),
(314, 28, '#a8a878', 1472556793, 1472556793),
(315, 28, '#307818', 1472556793, 1472556793),
(316, 28, '#484818', 1472556793, 1472556793),
(317, 28, '#c0c0a8', 1472556794, 1472556794),
(318, 28, '#d8d8c0', 1472556794, 1472556794),
(319, 28, '#f0f0d8', 1472556794, 1472556794),
(320, 28, '#181800', 1472556794, 1472556794),
(321, 28, '#181818', 1472556794, 1472556794),
(322, 28, '#fff0f0', 1472556794, 1472556794),
(323, 28, '#484860', 1472556794, 1472556794),
(324, 28, '#fffff0', 1472556794, 1472556794),
(325, 28, '#f0fff0', 1472556794, 1472556794),
(326, 28, '#487830', 1472556794, 1472556794),
(327, 28, '#a8a860', 1472556794, 1472556794),
(328, 28, '#a8a890', 1472556794, 1472556794),
(329, 28, '#789060', 1472556794, 1472556794),
(330, 28, '#78a848', 1472556794, 1472556794),
(331, 29, '#609030', 1472557504, 1472557504),
(332, 29, '#789048', 1472557504, 1472557504),
(333, 29, '#90a860', 1472557504, 1472557504),
(334, 29, '#a8a878', 1472557504, 1472557504),
(335, 29, '#307818', 1472557504, 1472557504),
(336, 29, '#484818', 1472557504, 1472557504),
(337, 29, '#c0c0a8', 1472557504, 1472557504),
(338, 29, '#d8d8c0', 1472557504, 1472557504),
(339, 29, '#f0f0d8', 1472557504, 1472557504),
(340, 29, '#181800', 1472557504, 1472557504),
(341, 29, '#181818', 1472557504, 1472557504),
(342, 29, '#fff0f0', 1472557504, 1472557504),
(343, 29, '#484860', 1472557504, 1472557504),
(344, 29, '#fffff0', 1472557504, 1472557504),
(345, 29, '#f0fff0', 1472557504, 1472557504),
(346, 29, '#487830', 1472557504, 1472557504),
(347, 29, '#a8a860', 1472557504, 1472557504),
(348, 29, '#a8a890', 1472557504, 1472557504),
(349, 29, '#789060', 1472557504, 1472557504),
(350, 29, '#78a848', 1472557504, 1472557504),
(351, 30, '#609030', 1472557530, 1472557530),
(352, 30, '#789048', 1472557531, 1472557531),
(353, 30, '#90a860', 1472557531, 1472557531),
(354, 30, '#a8a878', 1472557531, 1472557531),
(355, 30, '#307818', 1472557531, 1472557531),
(356, 30, '#484818', 1472557531, 1472557531),
(357, 30, '#c0c0a8', 1472557531, 1472557531),
(358, 30, '#d8d8c0', 1472557531, 1472557531),
(359, 30, '#f0f0d8', 1472557531, 1472557531),
(360, 30, '#181800', 1472557531, 1472557531),
(361, 30, '#181818', 1472557531, 1472557531),
(362, 30, '#fff0f0', 1472557531, 1472557531),
(363, 30, '#484860', 1472557531, 1472557531),
(364, 30, '#fffff0', 1472557531, 1472557531),
(365, 30, '#f0fff0', 1472557531, 1472557531),
(366, 30, '#487830', 1472557531, 1472557531),
(367, 30, '#a8a860', 1472557531, 1472557531),
(368, 30, '#a8a890', 1472557531, 1472557531),
(369, 30, '#789060', 1472557531, 1472557531),
(370, 30, '#78a848', 1472557531, 1472557531),
(371, 31, '#609030', 1472557575, 1472557575),
(372, 31, '#789048', 1472557575, 1472557575),
(373, 31, '#90a860', 1472557575, 1472557575),
(374, 31, '#a8a878', 1472557575, 1472557575),
(375, 31, '#307818', 1472557575, 1472557575),
(376, 31, '#484818', 1472557575, 1472557575),
(377, 31, '#c0c0a8', 1472557575, 1472557575),
(378, 31, '#d8d8c0', 1472557575, 1472557575),
(379, 31, '#f0f0d8', 1472557575, 1472557575),
(380, 31, '#181800', 1472557575, 1472557575),
(381, 31, '#181818', 1472557575, 1472557575),
(382, 31, '#fff0f0', 1472557575, 1472557575),
(383, 31, '#484860', 1472557575, 1472557575),
(384, 31, '#fffff0', 1472557575, 1472557575),
(385, 31, '#f0fff0', 1472557575, 1472557575),
(386, 31, '#487830', 1472557575, 1472557575),
(387, 31, '#a8a860', 1472557575, 1472557575),
(388, 31, '#a8a890', 1472557575, 1472557575),
(389, 31, '#789060', 1472557575, 1472557575),
(390, 31, '#78a848', 1472557576, 1472557576);

-- --------------------------------------------------------

--
-- Table structure for table `attachment_tags`
--

CREATE TABLE IF NOT EXISTS `attachment_tags` (
  `id` int(11) NOT NULL AUTO_INCREMENT,
  `attachment_id` int(11) NOT NULL DEFAULT '0',
  `tag_code` varchar(255) COLLATE utf8_unicode_ci NOT NULL DEFAULT '0',
  `created_at` int(11) NOT NULL,
  `updated_at` int(11) NOT NULL,
  PRIMARY KEY (`id`)
) ENGINE=InnoDB  DEFAULT CHARSET=utf8 COLLATE=utf8_unicode_ci AUTO_INCREMENT=104 ;

--
-- Dumping data for table `attachment_tags`
--

INSERT INTO `attachment_tags` (`id`, `attachment_id`, `tag_code`, `created_at`, `updated_at`) VALUES
(41, 21, 'grass', 1472549948, 1472549948),
(42, 21, 'bird', 1472549948, 1472549948),
(43, 21, 'goose', 1472549948, 1472549948),
(44, 21, 'nature', 1472549948, 1472549948),
(45, 21, 'wildlife', 1472549948, 1472549948),
(46, 21, 'animal', 1472549948, 1472549948),
(47, 21, 'no person', 1472549948, 1472549948),
(48, 21, 'duck', 1472549948, 1472549948),
(49, 21, 'outdoors', 1472549948, 1472549948),
(50, 21, 'poultry', 1472549948, 1472549948),
(51, 21, 'little', 1472549948, 1472549948),
(52, 21, 'summer', 1472549949, 1472549949),
(53, 21, 'beak', 1472549949, 1472549949),
(54, 21, 'dame', 1472549949, 1472549949),
(55, 21, 'feather', 1472549949, 1472549949),
(56, 21, 'cute', 1472549949, 1472549949),
(57, 21, 'waterfowl', 1472549949, 1472549949),
(58, 21, 'wild', 1472549949, 1472549949),
(59, 21, 'farm', 1472549949, 1472549949),
(60, 21, 'rural', 1472549949, 1472549949),
(63, 22, 'goose', 1472549983, 1472549983),
(64, 22, 'nature', 1472549983, 1472549983),
(65, 22, 'wildlife', 1472549983, 1472549983),
(66, 22, 'animal', 1472549983, 1472549983),
(67, 22, 'no person', 1472549983, 1472549983),
(68, 22, 'duck', 1472549983, 1472549983),
(69, 22, 'outdoors', 1472549984, 1472549984),
(70, 22, 'poultry', 1472549984, 1472549984),
(71, 22, 'little', 1472549984, 1472549984),
(72, 22, 'summer', 1472549984, 1472549984),
(73, 22, 'beak', 1472549984, 1472549984),
(74, 22, 'dame', 1472549984, 1472549984),
(75, 22, 'feather', 1472549984, 1472549984),
(76, 22, 'cute', 1472549984, 1472549984),
(77, 22, 'waterfowl', 1472549984, 1472549984),
(78, 22, 'wild', 1472549984, 1472549984),
(79, 22, 'farm', 1472549984, 1472549984),
(80, 22, 'rural', 1472549984, 1472549984),
(82, 22, 'grass', 1472550896, 1472550896),
(83, 22, 'bird', 1472550915, 1472550915),
(84, 31, 'pattern', 1472557579, 1472557579),
(85, 31, 'no person', 1472557579, 1472557579),
(86, 31, 'wear', 1472557579, 1472557579),
(87, 31, 'abstract', 1472557579, 1472557579),
(88, 31, 'texture', 1472557579, 1472557579),
(89, 31, 'art', 1472557579, 1472557579),
(90, 31, 'underwater', 1472557579, 1472557579),
(91, 31, 'painting', 1472557579, 1472557579),
(92, 31, 'color', 1472557579, 1472557579),
(93, 31, 'canvas', 1472557580, 1472557580),
(94, 31, 'invertebrate', 1472557580, 1472557580),
(95, 31, 'desktop', 1472557580, 1472557580),
(96, 31, 'one', 1472557580, 1472557580),
(97, 31, 'wool', 1472557580, 1472557580),
(98, 31, 'shape', 1472557580, 1472557580),
(99, 31, 'background', 1472557580, 1472557580),
(100, 31, 'water', 1472557580, 1472557580),
(101, 31, 'color', 1472557580, 1472557580),
(102, 31, 'ocean', 1472557580, 1472557580),
(103, 31, 'design', 1472557580, 1472557580);

-- --------------------------------------------------------

--
-- Table structure for table `auth_assignment`
--

CREATE TABLE IF NOT EXISTS `auth_assignment` (
  `item_name` varchar(64) COLLATE utf8_unicode_ci NOT NULL,
  `user_id` varchar(64) COLLATE utf8_unicode_ci NOT NULL,
  `created_at` int(11) DEFAULT NULL,
  PRIMARY KEY (`item_name`,`user_id`)
) ENGINE=InnoDB DEFAULT CHARSET=utf8 COLLATE=utf8_unicode_ci;

--
-- Dumping data for table `auth_assignment`
--

INSERT INTO `auth_assignment` (`item_name`, `user_id`, `created_at`) VALUES
('admin', '1', 1472465662),
('admin', '10', 1472211804),
('admin', '13', 1472211919),
('admin', '24', 1472213003),
('admin', '26', 1472214318),
('admin', '28', 1472215855),
('admin', '29', 1472217362),
('admin', '5', 1472216597),
('admin', '8', 1472212946),
('admin', '9', 1472211201),
('author', '27', 1472215783),
('author', '31', 1472467582);

-- --------------------------------------------------------

--
-- Table structure for table `auth_item`
--

CREATE TABLE IF NOT EXISTS `auth_item` (
  `name` varchar(64) COLLATE utf8_unicode_ci NOT NULL,
  `type` int(11) NOT NULL,
  `description` text COLLATE utf8_unicode_ci,
  `rule_name` varchar(64) COLLATE utf8_unicode_ci DEFAULT NULL,
  `data` text COLLATE utf8_unicode_ci,
  `created_at` int(11) DEFAULT NULL,
  `updated_at` int(11) DEFAULT NULL,
  PRIMARY KEY (`name`),
  KEY `rule_name` (`rule_name`),
  KEY `idx-auth_item-type` (`type`)
) ENGINE=InnoDB DEFAULT CHARSET=utf8 COLLATE=utf8_unicode_ci;

--
-- Dumping data for table `auth_item`
--

INSERT INTO `auth_item` (`name`, `type`, `description`, `rule_name`, `data`, `created_at`, `updated_at`) VALUES
('admin', 1, NULL, NULL, NULL, 1472191996, 1472191996),
('author', 1, NULL, NULL, NULL, 1472191996, 1472191996),
('createPost', 2, 'Create a post', NULL, NULL, 1472191996, 1472191996),
('updatePost', 2, 'Update post', NULL, NULL, 1472191996, 1472191996);

-- --------------------------------------------------------

--
-- Table structure for table `auth_item_child`
--

CREATE TABLE IF NOT EXISTS `auth_item_child` (
  `parent` varchar(64) COLLATE utf8_unicode_ci NOT NULL,
  `child` varchar(64) COLLATE utf8_unicode_ci NOT NULL,
  PRIMARY KEY (`parent`,`child`),
  KEY `child` (`child`)
) ENGINE=InnoDB DEFAULT CHARSET=utf8 COLLATE=utf8_unicode_ci;

--
-- Dumping data for table `auth_item_child`
--

INSERT INTO `auth_item_child` (`parent`, `child`) VALUES
('admin', 'author'),
('author', 'createPost'),
('admin', 'updatePost');

-- --------------------------------------------------------

--
-- Table structure for table `auth_rule`
--

CREATE TABLE IF NOT EXISTS `auth_rule` (
  `name` varchar(64) COLLATE utf8_unicode_ci NOT NULL,
  `data` text COLLATE utf8_unicode_ci,
  `created_at` int(11) DEFAULT NULL,
  `updated_at` int(11) DEFAULT NULL,
  PRIMARY KEY (`name`)
) ENGINE=InnoDB DEFAULT CHARSET=utf8 COLLATE=utf8_unicode_ci;

-- --------------------------------------------------------

--
-- Table structure for table `migration`
--

CREATE TABLE IF NOT EXISTS `migration` (
  `version` varchar(180) NOT NULL,
  `apply_time` int(11) DEFAULT NULL,
  PRIMARY KEY (`version`)
) ENGINE=InnoDB DEFAULT CHARSET=latin1;

--
-- Dumping data for table `migration`
--

INSERT INTO `migration` (`version`, `apply_time`) VALUES
('m000000_000000_base', 1472191933),
('m130524_201442_init', 1472191935),
('m140506_102106_rbac_init', 1472191982),
('m160822_183316_attachments', 1472191936),
('m160824_110039_attachment_colors', 1472191936),
('m160826_100336_add_extra_column_user_table', 1472206632),
('m160830_091931_attachment_tags', 1472549086);

-- --------------------------------------------------------

--
-- Table structure for table `user`
--

CREATE TABLE IF NOT EXISTS `user` (
  `id` int(11) NOT NULL AUTO_INCREMENT,
  `type` varchar(11) COLLATE utf8_unicode_ci DEFAULT NULL,
  `phone` varchar(150) COLLATE utf8_unicode_ci DEFAULT NULL,
  `firstname` varchar(150) COLLATE utf8_unicode_ci DEFAULT NULL,
  `lastname` varchar(150) COLLATE utf8_unicode_ci DEFAULT NULL,
  `username` varchar(255) COLLATE utf8_unicode_ci NOT NULL,
  `auth_key` varchar(32) COLLATE utf8_unicode_ci NOT NULL,
  `password_hash` varchar(255) COLLATE utf8_unicode_ci NOT NULL,
  `password_reset_token` varchar(255) COLLATE utf8_unicode_ci DEFAULT NULL,
  `email` varchar(255) COLLATE utf8_unicode_ci NOT NULL,
  `status` smallint(6) NOT NULL DEFAULT '10',
  `created_at` int(11) NOT NULL,
  `updated_at` int(11) NOT NULL,
  PRIMARY KEY (`id`),
  UNIQUE KEY `username` (`username`),
  UNIQUE KEY `email` (`email`),
  UNIQUE KEY `password_reset_token` (`password_reset_token`)
) ENGINE=InnoDB  DEFAULT CHARSET=utf8 COLLATE=utf8_unicode_ci AUTO_INCREMENT=32 ;

--
-- Dumping data for table `user`
--

INSERT INTO `user` (`id`, `type`, `phone`, `firstname`, `lastname`, `username`, `auth_key`, `password_hash`, `password_reset_token`, `email`, `status`, `created_at`, `updated_at`) VALUES
(1, 'admin', '4545', 'Rehan', 'Aziz', 'admin', 'epvO2dFMQ_pWhpVBLfDZmH7xGfnR3LkO', '$2y$13$jCWaFYTrs1ws3nWqD6zIJed/IyI3ED9bq8hOECdeePzkqdcqlj3F6', NULL, 'test2@test.com', 10, 1472191991, 1472465662),
(5, 'admin', '03016582582', 'Rehan', 'Aziz', 'testonetwohhhdfggfdfgs', 'AjvblvFwXLP9eyoXxvdfDlftYTJC7TR0', '$2y$13$1nNACbqSozMdI9.df/jY5uobjibsMN432.H60zg/sUZEY59P/4pAO', NULL, 'rehan@optimageeks.com', 10, 1472207304, 1472216597),
(8, 'admin', '03016582582', 'Rehan', 'Aziz', 'testone11', '', '$2y$13$exxj23qHyLpGEsLNyoKTHuytkm6B4Gq4gyyOtog7IRDo0uKBk73k.', NULL, 'rehan@optimageeks.com22', 10, 1472209751, 1472212946),
(9, 'admin', '03016582582', 'Rehan', 'Aziz', 'testone', '', '12121', NULL, 'rehanaziz134@gmail.com', 0, 1472211201, 1472211201),
(10, 'admin', '03016582582', 'Rehan', 'Aziz', 'rehan134134', '', '1323123', NULL, 'rehan123@optimageeks.com', 10, 1472211710, 1472211803),
(13, 'admin', '03016582582', 'Rehan', 'Aziz', 'demoherertrte@gmail.com', '', '123123', NULL, 'rehanwer@optimageeks.comwer', 0, 1472211863, 1472211919),
(24, 'admin', '03016582582', 'Rehan', 'Aziz', 'demohere12eee3@gmail.com', '', '123123', NULL, 'rehan123123@optimageeks.com', 20, 1472213002, 1472213002),
(26, 'admin', '03016582582', 'Rehan', 'Aziz', 'demohere@gmail.com', '', '123123', NULL, 'rehan123vcxvxcv123@optimageeks.com', 10, 1472213846, 1472214318),
(27, 'author', '03016582582', 'Rehan', 'Aziz', 'de@gmail.com', 'kgxn6xmzycIiPFT5pY-v6LBaCf-dvRzI', '$2y$13$Yy8yRxYe6/iOgIwIVXWt0eRH5N8cbc2SfjUr7f55eaeyK1Jah2apy', NULL, 'rehansdfsdf3re@optimageeks.com', 10, 1472214661, 1472215782),
(28, 'admin', '03016582582', 'Rehan', 'Aziz', 'demoherdsgfdfgsdsgfe@gmail.com', 'Aw1MeG1lh170FjrH3IEuUrqRmFbypGyn', '$2y$13$rXfGLYSuY4lTPuU3lU.fu.RhKXv/PHdYcWsGJod/JTNn1swr2sCe2', NULL, 'rehan@optimageeks.comsadf', 20, 1472215854, 1472215854),
(29, 'admin', '03016582582', 'Rehan', 'Aziz', 'demoBHNBBhere@gmail.com', 'hGHFb2WTK9TFFQuvRzIVSTjxp-8a52l5', '$2y$13$Vr1Z8UqI8Htzb1/hNeRebur.yB2jpx4CIYCkTzTRhTYiquSuFDkGK', NULL, 'rehanBVBV@optimageeks.com', 20, 1472217361, 1472217361),
(30, NULL, NULL, NULL, NULL, 'abcabc', 'MSgkCXb0_FvV75gLbEOJDj1QfKQhDGHX', '$2y$13$CZXf/Lmpeq5DdImC1U1K8ePhWYRoqAz0SYnLN/4WQSdBMRy3cG.3W', NULL, 'abc@abc.com', 10, 1472467004, 1472467004),
(31, 'author', NULL, NULL, NULL, '123user', 'LwRVqOR8lwOXjt1OUovs-gKcct161JGi', '$2y$13$GtUpgyeRtM8EpzNxYO07pODZAOL8l/peQILS1vwjTlnBvG/YZje.u', NULL, '123user@user.com', 10, 1472467582, 1472467582);

--
-- Constraints for dumped tables
--

--
-- Constraints for table `auth_assignment`
--
ALTER TABLE `auth_assignment`
  ADD CONSTRAINT `auth_assignment_ibfk_1` FOREIGN KEY (`item_name`) REFERENCES `auth_item` (`name`) ON DELETE CASCADE ON UPDATE CASCADE;

--
-- Constraints for table `auth_item`
--
ALTER TABLE `auth_item`
  ADD CONSTRAINT `auth_item_ibfk_1` FOREIGN KEY (`rule_name`) REFERENCES `auth_rule` (`name`) ON DELETE SET NULL ON UPDATE CASCADE;

--
-- Constraints for table `auth_item_child`
--
ALTER TABLE `auth_item_child`
  ADD CONSTRAINT `auth_item_child_ibfk_1` FOREIGN KEY (`parent`) REFERENCES `auth_item` (`name`) ON DELETE CASCADE ON UPDATE CASCADE,
  ADD CONSTRAINT `auth_item_child_ibfk_2` FOREIGN KEY (`child`) REFERENCES `auth_item` (`name`) ON DELETE CASCADE ON UPDATE CASCADE;

/*!40101 SET CHARACTER_SET_CLIENT=@OLD_CHARACTER_SET_CLIENT */;
/*!40101 SET CHARACTER_SET_RESULTS=@OLD_CHARACTER_SET_RESULTS */;
/*!40101 SET COLLATION_CONNECTION=@OLD_COLLATION_CONNECTION */;
